--------------------------------------------------------
--  File created - сряда-януари-28-2026   
--------------------------------------------------------
--------------------------------------------------------
--  DDL for Type ACCESSORY_T
--------------------------------------------------------

  CREATE OR REPLACE EDITIONABLE TYPE "SHOP_DB"."ACCESSORY_T" UNDER product_t (
    accessory_type VARCHAR2(50),
    compatibility  VARCHAR2(100)
);

/
--------------------------------------------------------
--  DDL for Type CATEGORY_T
--------------------------------------------------------

  CREATE OR REPLACE EDITIONABLE TYPE "SHOP_DB"."CATEGORY_T" AS OBJECT (
    category_id NUMBER,
    name        VARCHAR2(100),
    description VARCHAR2(200)
);

/
--------------------------------------------------------
--  DDL for Type CLIENT_T
--------------------------------------------------------

  CREATE OR REPLACE EDITIONABLE TYPE "SHOP_DB"."CLIENT_T" AS OBJECT (
    client_id      NUMBER,
    name           VARCHAR2(100),
    email          VARCHAR2(100),
    phone          VARCHAR2(20),
    address        VARCHAR2(200),
    client_type    VARCHAR2(50)
);

/
--------------------------------------------------------
--  DDL for Type COMPUTER_T
--------------------------------------------------------

  CREATE OR REPLACE EDITIONABLE TYPE "SHOP_DB"."COMPUTER_T" UNDER product_t (
    cpu     VARCHAR2(100),
    ram     VARCHAR2(50),
    storage VARCHAR2(50),
    gpu     VARCHAR2(100)
);

/
--------------------------------------------------------
--  DDL for Type DELIVERY_T
--------------------------------------------------------

  CREATE OR REPLACE EDITIONABLE TYPE "SHOP_DB"."DELIVERY_T" AS OBJECT (
    delivery_id     NUMBER,
    courier         VARCHAR2(50),
    tracking_number VARCHAR2(100),
    delivery_address VARCHAR2(200)
)
 ALTER TYPE "SHOP_DB"."DELIVERY_T" 
ADD ATTRIBUTE (
    order_ref REF order_t
) CASCADE

/
--------------------------------------------------------
--  DDL for Type EMPLOYEE_T
--------------------------------------------------------

  CREATE OR REPLACE EDITIONABLE TYPE "SHOP_DB"."EMPLOYEE_T" AS OBJECT (
    employee_id NUMBER,
    name        VARCHAR2(100),
    position    VARCHAR2(50)
);

/
--------------------------------------------------------
--  DDL for Type ORDER_PRODUCT_T
--------------------------------------------------------

  CREATE OR REPLACE EDITIONABLE TYPE "SHOP_DB"."ORDER_PRODUCT_T" AS OBJECT (
    order_product_id NUMBER,
    order_ref     REF order_t,
    product_ref   REF product_t,
    quantity      NUMBER,
    price_at_time NUMBER(10,2)
);

/
--------------------------------------------------------
--  DDL for Type ORDER_T
--------------------------------------------------------

  CREATE OR REPLACE EDITIONABLE TYPE "SHOP_DB"."ORDER_T" AS OBJECT (
    order_id    NUMBER,
    order_date  DATE,
    status      VARCHAR2(30),
    client      REF client_t,
    employee    REF employee_t,
    payment     REF payment_t,
    delivery    REF delivery_t
);

/
--------------------------------------------------------
--  DDL for Type PAYMENT_T
--------------------------------------------------------

  CREATE OR REPLACE EDITIONABLE TYPE "SHOP_DB"."PAYMENT_T" AS OBJECT (
    payment_id NUMBER,
    amount     NUMBER(10,2),
    pay_date   DATE,
    status     VARCHAR2(30)
)
 ALTER TYPE "SHOP_DB"."PAYMENT_T" ADD ATTRIBUTE (
    order_ref REF order_t
) CASCADE

/
--------------------------------------------------------
--  DDL for Type PRODUCT_PROMOTION_T
--------------------------------------------------------

  CREATE OR REPLACE EDITIONABLE TYPE "SHOP_DB"."PRODUCT_PROMOTION_T" AS OBJECT (
    product_promotion_id NUMBER,
    product_ref          REF product_t,
    promotion_ref        REF promotion_t
);

/
--------------------------------------------------------
--  DDL for Type PRODUCT_T
--------------------------------------------------------

  CREATE OR REPLACE EDITIONABLE TYPE "SHOP_DB"."PRODUCT_T" AS OBJECT (
    product_id        NUMBER,
    name              VARCHAR2(100),
    description       VARCHAR2(200),
    price             NUMBER(10,2),
    quantity_in_stock NUMBER,
    category          REF category_t
) NOT FINAL;

/
--------------------------------------------------------
--  DDL for Type PROMOTION_T
--------------------------------------------------------

  CREATE OR REPLACE EDITIONABLE TYPE "SHOP_DB"."PROMOTION_T" AS OBJECT (
    promotion_id     NUMBER,
    name             VARCHAR2(100),
    discount_percent NUMBER(5,2),
    start_date       DATE,
    end_date         DATE
);

/
--------------------------------------------------------
--  DDL for Type REVIEW_T
--------------------------------------------------------

  CREATE OR REPLACE EDITIONABLE TYPE "SHOP_DB"."REVIEW_T" AS OBJECT (
    review_id   NUMBER,
    client_ref  REF client_t,
    product_ref REF product_t,
    rating      NUMBER(1),
    review_text VARCHAR2(500),
    review_date DATE
);

/
--------------------------------------------------------
--  DDL for Sequence SEQ_CATEGORY
--------------------------------------------------------

   CREATE SEQUENCE  "SHOP_DB"."SEQ_CATEGORY"  MINVALUE 1 MAXVALUE 9999999999999999999999999999 INCREMENT BY 1 START WITH 1 CACHE 20 NOORDER  NOCYCLE  NOKEEP  NOSCALE  GLOBAL ;
--------------------------------------------------------
--  DDL for Sequence SEQ_CLIENT
--------------------------------------------------------

   CREATE SEQUENCE  "SHOP_DB"."SEQ_CLIENT"  MINVALUE 1 MAXVALUE 9999999999999999999999999999 INCREMENT BY 1 START WITH 1 CACHE 20 NOORDER  NOCYCLE  NOKEEP  NOSCALE  GLOBAL ;
--------------------------------------------------------
--  DDL for Sequence SEQ_DELIVERY
--------------------------------------------------------

   CREATE SEQUENCE  "SHOP_DB"."SEQ_DELIVERY"  MINVALUE 1 MAXVALUE 9999999999999999999999999999 INCREMENT BY 1 START WITH 1 CACHE 20 NOORDER  NOCYCLE  NOKEEP  NOSCALE  GLOBAL ;
--------------------------------------------------------
--  DDL for Sequence SEQ_EMPLOYEE
--------------------------------------------------------

   CREATE SEQUENCE  "SHOP_DB"."SEQ_EMPLOYEE"  MINVALUE 1 MAXVALUE 9999999999999999999999999999 INCREMENT BY 1 START WITH 1 CACHE 20 NOORDER  NOCYCLE  NOKEEP  NOSCALE  GLOBAL ;
--------------------------------------------------------
--  DDL for Sequence SEQ_ORDER
--------------------------------------------------------

   CREATE SEQUENCE  "SHOP_DB"."SEQ_ORDER"  MINVALUE 1 MAXVALUE 9999999999999999999999999999 INCREMENT BY 1 START WITH 1 CACHE 20 NOORDER  NOCYCLE  NOKEEP  NOSCALE  GLOBAL ;
--------------------------------------------------------
--  DDL for Sequence SEQ_ORDER_PRODUCT
--------------------------------------------------------

   CREATE SEQUENCE  "SHOP_DB"."SEQ_ORDER_PRODUCT"  MINVALUE 1 MAXVALUE 9999999999999999999999999999 INCREMENT BY 1 START WITH 1 CACHE 20 NOORDER  NOCYCLE  NOKEEP  NOSCALE  GLOBAL ;
--------------------------------------------------------
--  DDL for Sequence SEQ_PAYMENT
--------------------------------------------------------

   CREATE SEQUENCE  "SHOP_DB"."SEQ_PAYMENT"  MINVALUE 1 MAXVALUE 9999999999999999999999999999 INCREMENT BY 1 START WITH 1 CACHE 20 NOORDER  NOCYCLE  NOKEEP  NOSCALE  GLOBAL ;
--------------------------------------------------------
--  DDL for Sequence SEQ_PRODUCT
--------------------------------------------------------

   CREATE SEQUENCE  "SHOP_DB"."SEQ_PRODUCT"  MINVALUE 1 MAXVALUE 9999999999999999999999999999 INCREMENT BY 1 START WITH 1 CACHE 20 NOORDER  NOCYCLE  NOKEEP  NOSCALE  GLOBAL ;
--------------------------------------------------------
--  DDL for Sequence SEQ_PRODUCT_PROMOTION
--------------------------------------------------------

   CREATE SEQUENCE  "SHOP_DB"."SEQ_PRODUCT_PROMOTION"  MINVALUE 1 MAXVALUE 9999999999999999999999999999 INCREMENT BY 1 START WITH 1 CACHE 20 NOORDER  NOCYCLE  NOKEEP  NOSCALE  GLOBAL ;
--------------------------------------------------------
--  DDL for Sequence SEQ_REVIEW
--------------------------------------------------------

   CREATE SEQUENCE  "SHOP_DB"."SEQ_REVIEW"  MINVALUE 1 MAXVALUE 9999999999999999999999999999 INCREMENT BY 1 START WITH 1 CACHE 20 NOORDER  NOCYCLE  NOKEEP  NOSCALE  GLOBAL ;
--------------------------------------------------------
--  DDL for Table CATEGORIES
--------------------------------------------------------

  CREATE TABLE "SHOP_DB"."CATEGORIES" OF "SHOP_DB"."CATEGORY_T" 
   ( CONSTRAINT "PK_CATEGORIES" PRIMARY KEY ("CATEGORY_ID")
  USING INDEX PCTFREE 10 INITRANS 2 MAXTRANS 255 
  STORAGE(INITIAL 65536 NEXT 1048576 MINEXTENTS 1 MAXEXTENTS 2147483645
  PCTINCREASE 0 FREELISTS 1 FREELIST GROUPS 1
  BUFFER_POOL DEFAULT FLASH_CACHE DEFAULT CELL_FLASH_CACHE DEFAULT)
  TABLESPACE "USERS"  ENABLE
   ) OBJECT IDENTIFIER IS PRIMARY KEY 
   SEGMENT CREATION IMMEDIATE 
  PCTFREE 10 PCTUSED 40 INITRANS 1 MAXTRANS 255 
 NOCOMPRESS LOGGING
  STORAGE(INITIAL 65536 NEXT 1048576 MINEXTENTS 1 MAXEXTENTS 2147483645
  PCTINCREASE 0 FREELISTS 1 FREELIST GROUPS 1
  BUFFER_POOL DEFAULT FLASH_CACHE DEFAULT CELL_FLASH_CACHE DEFAULT)
  TABLESPACE "USERS" ;
--------------------------------------------------------
--  DDL for Table CLIENTS
--------------------------------------------------------

  CREATE TABLE "SHOP_DB"."CLIENTS" OF "SHOP_DB"."CLIENT_T" 
   ( CONSTRAINT "PK_CLIENTS" PRIMARY KEY ("CLIENT_ID")
  USING INDEX PCTFREE 10 INITRANS 2 MAXTRANS 255 
  STORAGE(INITIAL 65536 NEXT 1048576 MINEXTENTS 1 MAXEXTENTS 2147483645
  PCTINCREASE 0 FREELISTS 1 FREELIST GROUPS 1
  BUFFER_POOL DEFAULT FLASH_CACHE DEFAULT CELL_FLASH_CACHE DEFAULT)
  TABLESPACE "USERS"  ENABLE
   ) OBJECT IDENTIFIER IS PRIMARY KEY 
   SEGMENT CREATION IMMEDIATE 
  PCTFREE 10 PCTUSED 40 INITRANS 1 MAXTRANS 255 
 NOCOMPRESS LOGGING
  STORAGE(INITIAL 65536 NEXT 1048576 MINEXTENTS 1 MAXEXTENTS 2147483645
  PCTINCREASE 0 FREELISTS 1 FREELIST GROUPS 1
  BUFFER_POOL DEFAULT FLASH_CACHE DEFAULT CELL_FLASH_CACHE DEFAULT)
  TABLESPACE "USERS" ;
--------------------------------------------------------
--  DDL for Table DELIVERIES
--------------------------------------------------------

  CREATE TABLE "SHOP_DB"."DELIVERIES" OF "SHOP_DB"."DELIVERY_T" 
   ( CONSTRAINT "PK_DELIVERIES" PRIMARY KEY ("DELIVERY_ID")
  USING INDEX PCTFREE 10 INITRANS 2 MAXTRANS 255 
  STORAGE(INITIAL 65536 NEXT 1048576 MINEXTENTS 1 MAXEXTENTS 2147483645
  PCTINCREASE 0 FREELISTS 1 FREELIST GROUPS 1
  BUFFER_POOL DEFAULT FLASH_CACHE DEFAULT CELL_FLASH_CACHE DEFAULT)
  TABLESPACE "USERS"  ENABLE, 
	SCOPE FOR ("ORDER_REF") IS "SHOP_DB"."ORDERS" 
   ) OBJECT IDENTIFIER IS PRIMARY KEY 
   SEGMENT CREATION IMMEDIATE 
  PCTFREE 10 PCTUSED 40 INITRANS 1 MAXTRANS 255 
 NOCOMPRESS LOGGING
  STORAGE(INITIAL 65536 NEXT 1048576 MINEXTENTS 1 MAXEXTENTS 2147483645
  PCTINCREASE 0 FREELISTS 1 FREELIST GROUPS 1
  BUFFER_POOL DEFAULT FLASH_CACHE DEFAULT CELL_FLASH_CACHE DEFAULT)
  TABLESPACE "USERS" ;
--------------------------------------------------------
--  DDL for Table EMPLOYEES
--------------------------------------------------------

  CREATE TABLE "SHOP_DB"."EMPLOYEES" OF "SHOP_DB"."EMPLOYEE_T" 
   ( CONSTRAINT "PK_EMPLOYEES" PRIMARY KEY ("EMPLOYEE_ID")
  USING INDEX PCTFREE 10 INITRANS 2 MAXTRANS 255 
  STORAGE(INITIAL 65536 NEXT 1048576 MINEXTENTS 1 MAXEXTENTS 2147483645
  PCTINCREASE 0 FREELISTS 1 FREELIST GROUPS 1
  BUFFER_POOL DEFAULT FLASH_CACHE DEFAULT CELL_FLASH_CACHE DEFAULT)
  TABLESPACE "USERS"  ENABLE
   ) OBJECT IDENTIFIER IS PRIMARY KEY 
   SEGMENT CREATION IMMEDIATE 
  PCTFREE 10 PCTUSED 40 INITRANS 1 MAXTRANS 255 
 NOCOMPRESS LOGGING
  STORAGE(INITIAL 65536 NEXT 1048576 MINEXTENTS 1 MAXEXTENTS 2147483645
  PCTINCREASE 0 FREELISTS 1 FREELIST GROUPS 1
  BUFFER_POOL DEFAULT FLASH_CACHE DEFAULT CELL_FLASH_CACHE DEFAULT)
  TABLESPACE "USERS" ;
--------------------------------------------------------
--  DDL for Table ORDERS
--------------------------------------------------------

  CREATE TABLE "SHOP_DB"."ORDERS" OF "SHOP_DB"."ORDER_T" 
   ( CONSTRAINT "PK_ORDERS" PRIMARY KEY ("ORDER_ID")
  USING INDEX PCTFREE 10 INITRANS 2 MAXTRANS 255 
  STORAGE(INITIAL 65536 NEXT 1048576 MINEXTENTS 1 MAXEXTENTS 2147483645
  PCTINCREASE 0 FREELISTS 1 FREELIST GROUPS 1
  BUFFER_POOL DEFAULT FLASH_CACHE DEFAULT CELL_FLASH_CACHE DEFAULT)
  TABLESPACE "USERS"  ENABLE, 
	SCOPE FOR ("CLIENT") IS "SHOP_DB"."CLIENTS" , 
	SCOPE FOR ("EMPLOYEE") IS "SHOP_DB"."EMPLOYEES" , 
	SCOPE FOR ("PAYMENT") IS "SHOP_DB"."PAYMENTS" , 
	SCOPE FOR ("DELIVERY") IS "SHOP_DB"."DELIVERIES" 
   ) OBJECT IDENTIFIER IS PRIMARY KEY 
   SEGMENT CREATION IMMEDIATE 
  PCTFREE 10 PCTUSED 40 INITRANS 1 MAXTRANS 255 
 NOCOMPRESS LOGGING
  STORAGE(INITIAL 65536 NEXT 1048576 MINEXTENTS 1 MAXEXTENTS 2147483645
  PCTINCREASE 0 FREELISTS 1 FREELIST GROUPS 1
  BUFFER_POOL DEFAULT FLASH_CACHE DEFAULT CELL_FLASH_CACHE DEFAULT)
  TABLESPACE "USERS" ;
--------------------------------------------------------
--  DDL for Table ORDER_PRODUCTS
--------------------------------------------------------

  CREATE TABLE "SHOP_DB"."ORDER_PRODUCTS" OF "SHOP_DB"."ORDER_PRODUCT_T" 
   ( CONSTRAINT "PK_ORDER_PRODUCTS" PRIMARY KEY ("ORDER_PRODUCT_ID")
  USING INDEX PCTFREE 10 INITRANS 2 MAXTRANS 255 
  STORAGE(INITIAL 65536 NEXT 1048576 MINEXTENTS 1 MAXEXTENTS 2147483645
  PCTINCREASE 0 FREELISTS 1 FREELIST GROUPS 1
  BUFFER_POOL DEFAULT FLASH_CACHE DEFAULT CELL_FLASH_CACHE DEFAULT)
  TABLESPACE "USERS"  ENABLE, 
	SCOPE FOR ("ORDER_REF") IS "SHOP_DB"."ORDERS" , 
	SCOPE FOR ("PRODUCT_REF") IS "SHOP_DB"."PRODUCTS" 
   ) OBJECT IDENTIFIER IS PRIMARY KEY 
   SEGMENT CREATION IMMEDIATE 
  PCTFREE 10 PCTUSED 40 INITRANS 1 MAXTRANS 255 
 NOCOMPRESS LOGGING
  STORAGE(INITIAL 65536 NEXT 1048576 MINEXTENTS 1 MAXEXTENTS 2147483645
  PCTINCREASE 0 FREELISTS 1 FREELIST GROUPS 1
  BUFFER_POOL DEFAULT FLASH_CACHE DEFAULT CELL_FLASH_CACHE DEFAULT)
  TABLESPACE "USERS" ;
--------------------------------------------------------
--  DDL for Table PAYMENTS
--------------------------------------------------------

  CREATE TABLE "SHOP_DB"."PAYMENTS" OF "SHOP_DB"."PAYMENT_T" 
   ( CONSTRAINT "PK_PAYMENTS" PRIMARY KEY ("PAYMENT_ID")
  USING INDEX PCTFREE 10 INITRANS 2 MAXTRANS 255 
  STORAGE(INITIAL 65536 NEXT 1048576 MINEXTENTS 1 MAXEXTENTS 2147483645
  PCTINCREASE 0 FREELISTS 1 FREELIST GROUPS 1
  BUFFER_POOL DEFAULT FLASH_CACHE DEFAULT CELL_FLASH_CACHE DEFAULT)
  TABLESPACE "USERS"  ENABLE, 
	SCOPE FOR ("ORDER_REF") IS "SHOP_DB"."ORDERS" 
   ) OBJECT IDENTIFIER IS PRIMARY KEY 
   SEGMENT CREATION IMMEDIATE 
  PCTFREE 10 PCTUSED 40 INITRANS 1 MAXTRANS 255 
 NOCOMPRESS LOGGING
  STORAGE(INITIAL 65536 NEXT 1048576 MINEXTENTS 1 MAXEXTENTS 2147483645
  PCTINCREASE 0 FREELISTS 1 FREELIST GROUPS 1
  BUFFER_POOL DEFAULT FLASH_CACHE DEFAULT CELL_FLASH_CACHE DEFAULT)
  TABLESPACE "USERS" ;
--------------------------------------------------------
--  DDL for Table PRODUCTS
--------------------------------------------------------

  CREATE TABLE "SHOP_DB"."PRODUCTS" OF "SHOP_DB"."PRODUCT_T" 
   ( CONSTRAINT "PK_PRODUCTS" PRIMARY KEY ("PRODUCT_ID")
  USING INDEX PCTFREE 10 INITRANS 2 MAXTRANS 255 
  STORAGE(INITIAL 65536 NEXT 1048576 MINEXTENTS 1 MAXEXTENTS 2147483645
  PCTINCREASE 0 FREELISTS 1 FREELIST GROUPS 1
  BUFFER_POOL DEFAULT FLASH_CACHE DEFAULT CELL_FLASH_CACHE DEFAULT)
  TABLESPACE "USERS"  ENABLE, 
	SCOPE FOR ("CATEGORY") IS "SHOP_DB"."CATEGORIES" 
   ) OBJECT IDENTIFIER IS PRIMARY KEY 
   SEGMENT CREATION IMMEDIATE 
  PCTFREE 10 PCTUSED 40 INITRANS 1 MAXTRANS 255 
 NOCOMPRESS LOGGING
  STORAGE(INITIAL 65536 NEXT 1048576 MINEXTENTS 1 MAXEXTENTS 2147483645
  PCTINCREASE 0 FREELISTS 1 FREELIST GROUPS 1
  BUFFER_POOL DEFAULT FLASH_CACHE DEFAULT CELL_FLASH_CACHE DEFAULT)
  TABLESPACE "USERS" ;
--------------------------------------------------------
--  DDL for Table PRODUCT_PROMOTIONS
--------------------------------------------------------

  CREATE TABLE "SHOP_DB"."PRODUCT_PROMOTIONS" OF "SHOP_DB"."PRODUCT_PROMOTION_T" 
   ( CONSTRAINT "PK_PRODUCT_PROMOTIONS" PRIMARY KEY ("PRODUCT_PROMOTION_ID")
  USING INDEX PCTFREE 10 INITRANS 2 MAXTRANS 255 
  STORAGE(INITIAL 65536 NEXT 1048576 MINEXTENTS 1 MAXEXTENTS 2147483645
  PCTINCREASE 0 FREELISTS 1 FREELIST GROUPS 1
  BUFFER_POOL DEFAULT FLASH_CACHE DEFAULT CELL_FLASH_CACHE DEFAULT)
  TABLESPACE "USERS"  ENABLE, 
	SCOPE FOR ("PRODUCT_REF") IS "SHOP_DB"."PRODUCTS" , 
	SCOPE FOR ("PROMOTION_REF") IS "SHOP_DB"."PROMOTIONS" 
   ) OBJECT IDENTIFIER IS PRIMARY KEY 
   SEGMENT CREATION IMMEDIATE 
  PCTFREE 10 PCTUSED 40 INITRANS 1 MAXTRANS 255 
 NOCOMPRESS LOGGING
  STORAGE(INITIAL 65536 NEXT 1048576 MINEXTENTS 1 MAXEXTENTS 2147483645
  PCTINCREASE 0 FREELISTS 1 FREELIST GROUPS 1
  BUFFER_POOL DEFAULT FLASH_CACHE DEFAULT CELL_FLASH_CACHE DEFAULT)
  TABLESPACE "USERS" ;
--------------------------------------------------------
--  DDL for Table PROMOTIONS
--------------------------------------------------------

  CREATE TABLE "SHOP_DB"."PROMOTIONS" OF "SHOP_DB"."PROMOTION_T" 
   ( CONSTRAINT "PK_PROMOTIONS" PRIMARY KEY ("PROMOTION_ID")
  USING INDEX PCTFREE 10 INITRANS 2 MAXTRANS 255 
  STORAGE(INITIAL 65536 NEXT 1048576 MINEXTENTS 1 MAXEXTENTS 2147483645
  PCTINCREASE 0 FREELISTS 1 FREELIST GROUPS 1
  BUFFER_POOL DEFAULT FLASH_CACHE DEFAULT CELL_FLASH_CACHE DEFAULT)
  TABLESPACE "USERS"  ENABLE
   ) OBJECT IDENTIFIER IS PRIMARY KEY 
   SEGMENT CREATION IMMEDIATE 
  PCTFREE 10 PCTUSED 40 INITRANS 1 MAXTRANS 255 
 NOCOMPRESS LOGGING
  STORAGE(INITIAL 65536 NEXT 1048576 MINEXTENTS 1 MAXEXTENTS 2147483645
  PCTINCREASE 0 FREELISTS 1 FREELIST GROUPS 1
  BUFFER_POOL DEFAULT FLASH_CACHE DEFAULT CELL_FLASH_CACHE DEFAULT)
  TABLESPACE "USERS" ;
--------------------------------------------------------
--  DDL for Table REVIEWS
--------------------------------------------------------

  CREATE TABLE "SHOP_DB"."REVIEWS" OF "SHOP_DB"."REVIEW_T" 
   ( CONSTRAINT "PK_REVIEWS" PRIMARY KEY ("REVIEW_ID")
  USING INDEX PCTFREE 10 INITRANS 2 MAXTRANS 255 
  STORAGE(INITIAL 65536 NEXT 1048576 MINEXTENTS 1 MAXEXTENTS 2147483645
  PCTINCREASE 0 FREELISTS 1 FREELIST GROUPS 1
  BUFFER_POOL DEFAULT FLASH_CACHE DEFAULT CELL_FLASH_CACHE DEFAULT)
  TABLESPACE "USERS"  ENABLE, 
	SCOPE FOR ("CLIENT_REF") IS "SHOP_DB"."CLIENTS" , 
	SCOPE FOR ("PRODUCT_REF") IS "SHOP_DB"."PRODUCTS" 
   ) OBJECT IDENTIFIER IS PRIMARY KEY 
   SEGMENT CREATION IMMEDIATE 
  PCTFREE 10 PCTUSED 40 INITRANS 1 MAXTRANS 255 
 NOCOMPRESS LOGGING
  STORAGE(INITIAL 65536 NEXT 1048576 MINEXTENTS 1 MAXEXTENTS 2147483645
  PCTINCREASE 0 FREELISTS 1 FREELIST GROUPS 1
  BUFFER_POOL DEFAULT FLASH_CACHE DEFAULT CELL_FLASH_CACHE DEFAULT)
  TABLESPACE "USERS" ;
REM INSERTING into SHOP_DB.CATEGORIES
SET DEFINE OFF;
Insert into SHOP_DB.CATEGORIES (CATEGORY_ID,NAME,DESCRIPTION) values (1,'Computers','Desktop and laptop computers');
Insert into SHOP_DB.CATEGORIES (CATEGORY_ID,NAME,DESCRIPTION) values (2,'Accessories','Computer accessories and peripherals');
REM INSERTING into SHOP_DB.CLIENTS
SET DEFINE OFF;
Insert into SHOP_DB.CLIENTS (CLIENT_ID,NAME,EMAIL,PHONE,ADDRESS,CLIENT_TYPE) values (1,'Ivan Ivanov','ivan@mail.com','0888000001','Sofia, Bulgaria','Regular');
Insert into SHOP_DB.CLIENTS (CLIENT_ID,NAME,EMAIL,PHONE,ADDRESS,CLIENT_TYPE) values (2,'Maria Petrova','maria@mail.com','0888000002','Plovdiv, Bulgaria','VIP');
Insert into SHOP_DB.CLIENTS (CLIENT_ID,NAME,EMAIL,PHONE,ADDRESS,CLIENT_TYPE) values (3,'Georgi Georgiev','georgi@mail.com','0888000003','Varna, Bulgaria','Regular');
Insert into SHOP_DB.CLIENTS (CLIENT_ID,NAME,EMAIL,PHONE,ADDRESS,CLIENT_TYPE) values (4,'Elena Dimitrova','elena@mail.com','0888000004','Burgas, Bulgaria','Premium');
REM INSERTING into SHOP_DB.DELIVERIES
SET DEFINE OFF;
Insert into SHOP_DB.DELIVERIES (DELIVERY_ID,COURIER,TRACKING_NUMBER,DELIVERY_ADDRESS,ORDER_REF) values (1,'Speedy Couriers','TRK123','Sofia, Bulgaria','SHOP_DB.ORDER_T(1, ''2026-01-10 00:00:00.0'', ''NEW'', ''oracle.sql.REF@129e6bbd'', ''oracle.sql.REF@137e8035'', ''oracle.sql.REF@9c14ad86'', ''oracle.sql.REF@3c0a0238'')');
Insert into SHOP_DB.DELIVERIES (DELIVERY_ID,COURIER,TRACKING_NUMBER,DELIVERY_ADDRESS,ORDER_REF) values (2,'FastShip','TRK124','Plovdiv, Bulgaria','SHOP_DB.ORDER_T(2, ''2026-01-12 00:00:00.0'', ''PROCESSING'', ''oracle.sql.REF@129e6bbd'', ''oracle.sql.REF@137e8035'', ''oracle.sql.REF@9c14ad86'', ''oracle.sql.REF@3c0a0238'')');
Insert into SHOP_DB.DELIVERIES (DELIVERY_ID,COURIER,TRACKING_NUMBER,DELIVERY_ADDRESS,ORDER_REF) values (3,'Global Express','TRK125','Varna, Bulgaria','SHOP_DB.ORDER_T(3, ''2026-01-15 00:00:00.0'', ''COMPLETED'', ''oracle.sql.REF@129e6bbd'', ''oracle.sql.REF@137e8035'', ''oracle.sql.REF@9c14ad86'', ''oracle.sql.REF@3c0a0238'')');
Insert into SHOP_DB.DELIVERIES (DELIVERY_ID,COURIER,TRACKING_NUMBER,DELIVERY_ADDRESS,ORDER_REF) values (4,'Speedy','TRK126','Sofia, Bulgaria','SHOP_DB.ORDER_T(4, ''2026-01-28 00:00:00.0'', ''NEW'', ''oracle.sql.REF@129e6bbd'', ''oracle.sql.REF@137e8035'', ''oracle.sql.REF@9c14ad86'', ''oracle.sql.REF@3c0a0238'')');
REM INSERTING into SHOP_DB.EMPLOYEES
SET DEFINE OFF;
Insert into SHOP_DB.EMPLOYEES (EMPLOYEE_ID,NAME,POSITION) values (1,'Peter Stoyanov','Manager');
Insert into SHOP_DB.EMPLOYEES (EMPLOYEE_ID,NAME,POSITION) values (2,'Nikolay Ivanov','Sales');
Insert into SHOP_DB.EMPLOYEES (EMPLOYEE_ID,NAME,POSITION) values (3,'Vesela Todorova','Support');
Insert into SHOP_DB.EMPLOYEES (EMPLOYEE_ID,NAME,POSITION) values (4,'Kaloyan Petrov','Warehouse');
REM INSERTING into SHOP_DB.ORDERS
SET DEFINE OFF;
Insert into SHOP_DB.ORDERS (ORDER_ID,ORDER_DATE,STATUS,CLIENT,EMPLOYEE,PAYMENT,DELIVERY) values (1,to_date('10-JAN-26','DD-MON-RR'),'NEW','SHOP_DB.CLIENT_T(1, ''Ivan Ivanov'', ''ivan@mail.com'', ''0888000001'', ''Sofia, Bulgaria'', ''Regular'')','SHOP_DB.EMPLOYEE_T(2, ''Nikolay Ivanov'', ''Sales'')','SHOP_DB.PAYMENT_T(1, 2500, ''2026-01-10 00:00:00.0'', ''PAID'', ''oracle.sql.REF@39cdf84b'')','SHOP_DB.DELIVERY_T(1, ''Speedy Couriers'', ''TRK123'', ''Sofia, Bulgaria'', ''oracle.sql.REF@39cdf84b'')');
Insert into SHOP_DB.ORDERS (ORDER_ID,ORDER_DATE,STATUS,CLIENT,EMPLOYEE,PAYMENT,DELIVERY) values (2,to_date('12-JAN-26','DD-MON-RR'),'PROCESSING','SHOP_DB.CLIENT_T(2, ''Maria Petrova'', ''maria@mail.com'', ''0888000002'', ''Plovdiv, Bulgaria'', ''VIP'')','SHOP_DB.EMPLOYEE_T(1, ''Peter Stoyanov'', ''Manager'')','SHOP_DB.PAYMENT_T(2, 1200, ''2026-01-12 00:00:00.0'', ''PENDING'', ''oracle.sql.REF@39cdf84b'')','SHOP_DB.DELIVERY_T(2, ''FastShip'', ''TRK124'', ''Plovdiv, Bulgaria'', ''oracle.sql.REF@39cdf84b'')');
Insert into SHOP_DB.ORDERS (ORDER_ID,ORDER_DATE,STATUS,CLIENT,EMPLOYEE,PAYMENT,DELIVERY) values (3,to_date('15-JAN-26','DD-MON-RR'),'COMPLETED','SHOP_DB.CLIENT_T(3, ''Georgi Georgiev'', ''georgi@mail.com'', ''0888000003'', ''Varna, Bulgaria'', ''Regular'')','SHOP_DB.EMPLOYEE_T(3, ''Vesela Todorova'', ''Support'')','SHOP_DB.PAYMENT_T(3, 200, ''2026-01-15 00:00:00.0'', ''PAID'', ''oracle.sql.REF@39cdf84b'')','SHOP_DB.DELIVERY_T(3, ''Global Express'', ''TRK125'', ''Varna, Bulgaria'', ''oracle.sql.REF@39cdf84b'')');
Insert into SHOP_DB.ORDERS (ORDER_ID,ORDER_DATE,STATUS,CLIENT,EMPLOYEE,PAYMENT,DELIVERY) values (4,to_date('28-JAN-26','DD-MON-RR'),'NEW','SHOP_DB.CLIENT_T(2, ''Maria Petrova'', ''maria@mail.com'', ''0888000002'', ''Plovdiv, Bulgaria'', ''VIP'')','SHOP_DB.EMPLOYEE_T(2, ''Nikolay Ivanov'', ''Sales'')','SHOP_DB.PAYMENT_T(4, 1200, ''2026-01-28 00:00:00.0'', ''PENDING'', ''oracle.sql.REF@39cdf84b'')','SHOP_DB.DELIVERY_T(4, ''Speedy'', ''TRK126'', ''Sofia, Bulgaria'', ''oracle.sql.REF@39cdf84b'')');
REM INSERTING into SHOP_DB.ORDER_PRODUCTS
SET DEFINE OFF;
Insert into SHOP_DB.ORDER_PRODUCTS (ORDER_PRODUCT_ID,ORDER_REF,PRODUCT_REF,QUANTITY,PRICE_AT_TIME) values (4,'SHOP_DB.ORDER_T(4, ''2026-01-28 00:00:00.0'', ''NEW'', ''oracle.sql.REF@129e6bbd'', ''oracle.sql.REF@137e8035'', ''oracle.sql.REF@9c14ad86'', ''oracle.sql.REF@3c0a0238'')','SHOP_DB.COMPUTER_T(2, ''Office Laptop'', ''Lightweight laptop for office work'', 1200, 10, ''oracle.sql.REF@cd380b29'', ''Intel i5'', ''16GB'', ''512GB SSD'', ''Integrated GPU'')',1,1200);
Insert into SHOP_DB.ORDER_PRODUCTS (ORDER_PRODUCT_ID,ORDER_REF,PRODUCT_REF,QUANTITY,PRICE_AT_TIME) values (1,'SHOP_DB.ORDER_T(1, ''2026-01-10 00:00:00.0'', ''NEW'', ''oracle.sql.REF@129e6bbd'', ''oracle.sql.REF@137e8035'', ''oracle.sql.REF@9c14ad86'', ''oracle.sql.REF@3c0a0238'')','SHOP_DB.COMPUTER_T(1, ''Gaming PC'', ''High performance gaming PC'', 2500, 5, ''oracle.sql.REF@cd380b29'', ''Intel i7'', ''32GB'', ''1TB SSD'', ''RTX 4070'')',1,2500);
Insert into SHOP_DB.ORDER_PRODUCTS (ORDER_PRODUCT_ID,ORDER_REF,PRODUCT_REF,QUANTITY,PRICE_AT_TIME) values (2,'SHOP_DB.ORDER_T(2, ''2026-01-12 00:00:00.0'', ''PROCESSING'', ''oracle.sql.REF@129e6bbd'', ''oracle.sql.REF@137e8035'', ''oracle.sql.REF@9c14ad86'', ''oracle.sql.REF@3c0a0238'')','SHOP_DB.COMPUTER_T(2, ''Office Laptop'', ''Lightweight laptop for office work'', 1200, 10, ''oracle.sql.REF@cd380b29'', ''Intel i5'', ''16GB'', ''512GB SSD'', ''Integrated GPU'')',1,1200);
Insert into SHOP_DB.ORDER_PRODUCTS (ORDER_PRODUCT_ID,ORDER_REF,PRODUCT_REF,QUANTITY,PRICE_AT_TIME) values (3,'SHOP_DB.ORDER_T(3, ''2026-01-15 00:00:00.0'', ''COMPLETED'', ''oracle.sql.REF@129e6bbd'', ''oracle.sql.REF@137e8035'', ''oracle.sql.REF@9c14ad86'', ''oracle.sql.REF@3c0a0238'')','SHOP_DB.ACCESSORY_T(3, ''Mechanical Keyboard'', ''RGB mechanical keyboard'', 120, 15, ''oracle.sql.REF@cd380b29'', ''Keyboard'', ''Universal'')',2,240);
REM INSERTING into SHOP_DB.PAYMENTS
SET DEFINE OFF;
Insert into SHOP_DB.PAYMENTS (PAYMENT_ID,AMOUNT,PAY_DATE,STATUS,ORDER_REF) values (4,1200,to_date('28-JAN-26','DD-MON-RR'),'PENDING','SHOP_DB.ORDER_T(4, ''2026-01-28 00:00:00.0'', ''NEW'', ''oracle.sql.REF@129e6bbd'', ''oracle.sql.REF@137e8035'', ''oracle.sql.REF@9c14ad86'', ''oracle.sql.REF@3c0a0238'')');
Insert into SHOP_DB.PAYMENTS (PAYMENT_ID,AMOUNT,PAY_DATE,STATUS,ORDER_REF) values (1,2500,to_date('10-JAN-26','DD-MON-RR'),'PAID','SHOP_DB.ORDER_T(1, ''2026-01-10 00:00:00.0'', ''NEW'', ''oracle.sql.REF@129e6bbd'', ''oracle.sql.REF@137e8035'', ''oracle.sql.REF@9c14ad86'', ''oracle.sql.REF@3c0a0238'')');
Insert into SHOP_DB.PAYMENTS (PAYMENT_ID,AMOUNT,PAY_DATE,STATUS,ORDER_REF) values (2,1200,to_date('12-JAN-26','DD-MON-RR'),'PENDING','SHOP_DB.ORDER_T(2, ''2026-01-12 00:00:00.0'', ''PROCESSING'', ''oracle.sql.REF@129e6bbd'', ''oracle.sql.REF@137e8035'', ''oracle.sql.REF@9c14ad86'', ''oracle.sql.REF@3c0a0238'')');
Insert into SHOP_DB.PAYMENTS (PAYMENT_ID,AMOUNT,PAY_DATE,STATUS,ORDER_REF) values (3,200,to_date('15-JAN-26','DD-MON-RR'),'PAID','SHOP_DB.ORDER_T(3, ''2026-01-15 00:00:00.0'', ''COMPLETED'', ''oracle.sql.REF@129e6bbd'', ''oracle.sql.REF@137e8035'', ''oracle.sql.REF@9c14ad86'', ''oracle.sql.REF@3c0a0238'')');
REM INSERTING into SHOP_DB.PRODUCTS
SET DEFINE OFF;
Insert into SHOP_DB.PRODUCTS (PRODUCT_ID,NAME,DESCRIPTION,PRICE,QUANTITY_IN_STOCK,CATEGORY) values (1,'Gaming PC','High performance gaming PC',2500,5,'SHOP_DB.CATEGORY_T(1, ''Computers'', ''Desktop and laptop computers'')');
Insert into SHOP_DB.PRODUCTS (PRODUCT_ID,NAME,DESCRIPTION,PRICE,QUANTITY_IN_STOCK,CATEGORY) values (2,'Office Laptop','Lightweight laptop for office work',1200,10,'SHOP_DB.CATEGORY_T(1, ''Computers'', ''Desktop and laptop computers'')');
Insert into SHOP_DB.PRODUCTS (PRODUCT_ID,NAME,DESCRIPTION,PRICE,QUANTITY_IN_STOCK,CATEGORY) values (3,'Mechanical Keyboard','RGB mechanical keyboard',120,15,'SHOP_DB.CATEGORY_T(2, ''Accessories'', ''Computer accessories and peripherals'')');
Insert into SHOP_DB.PRODUCTS (PRODUCT_ID,NAME,DESCRIPTION,PRICE,QUANTITY_IN_STOCK,CATEGORY) values (4,'Gaming Mouse','High precision gaming mouse',80,20,'SHOP_DB.CATEGORY_T(2, ''Accessories'', ''Computer accessories and peripherals'')');
REM INSERTING into SHOP_DB.PRODUCT_PROMOTIONS
SET DEFINE OFF;
Insert into SHOP_DB.PRODUCT_PROMOTIONS (PRODUCT_PROMOTION_ID,PRODUCT_REF,PROMOTION_REF) values (4,'SHOP_DB.COMPUTER_T(2, ''Office Laptop'', ''Lightweight laptop for office work'', 1200, 10, ''oracle.sql.REF@cd380b29'', ''Intel i5'', ''16GB'', ''512GB SSD'', ''Integrated GPU'')','SHOP_DB.PROMOTION_T(4, ''PromotionTest'', 50, ''2025-12-25 00:00:00.0'', ''2026-12-25 00:00:00.0'')');
Insert into SHOP_DB.PRODUCT_PROMOTIONS (PRODUCT_PROMOTION_ID,PRODUCT_REF,PROMOTION_REF) values (1,'SHOP_DB.COMPUTER_T(1, ''Gaming PC'', ''High performance gaming PC'', 2500, 5, ''oracle.sql.REF@cd380b29'', ''Intel i7'', ''32GB'', ''1TB SSD'', ''RTX 4070'')','SHOP_DB.PROMOTION_T(1, ''Spring Sale'', 10, ''2026-03-01 00:00:00.0'', ''2026-03-31 00:00:00.0'')');
Insert into SHOP_DB.PRODUCT_PROMOTIONS (PRODUCT_PROMOTION_ID,PRODUCT_REF,PROMOTION_REF) values (2,'SHOP_DB.COMPUTER_T(2, ''Office Laptop'', ''Lightweight laptop for office work'', 1200, 10, ''oracle.sql.REF@cd380b29'', ''Intel i5'', ''16GB'', ''512GB SSD'', ''Integrated GPU'')','SHOP_DB.PROMOTION_T(2, ''Black Friday'', 20, ''2026-11-20 00:00:00.0'', ''2026-11-30 00:00:00.0'')');
Insert into SHOP_DB.PRODUCT_PROMOTIONS (PRODUCT_PROMOTION_ID,PRODUCT_REF,PROMOTION_REF) values (3,'SHOP_DB.ACCESSORY_T(3, ''Mechanical Keyboard'', ''RGB mechanical keyboard'', 120, 15, ''oracle.sql.REF@cd380b29'', ''Keyboard'', ''Universal'')','SHOP_DB.PROMOTION_T(3, ''New Year Promo'', 15, ''2025-12-25 00:00:00.0'', ''2026-01-05 00:00:00.0'')');
REM INSERTING into SHOP_DB.PROMOTIONS
SET DEFINE OFF;
Insert into SHOP_DB.PROMOTIONS (PROMOTION_ID,NAME,DISCOUNT_PERCENT,START_DATE,END_DATE) values (4,'PromotionTest',50,to_date('25-DEC-25','DD-MON-RR'),to_date('25-DEC-26','DD-MON-RR'));
Insert into SHOP_DB.PROMOTIONS (PROMOTION_ID,NAME,DISCOUNT_PERCENT,START_DATE,END_DATE) values (1,'Spring Sale',10,to_date('01-MAR-26','DD-MON-RR'),to_date('31-MAR-26','DD-MON-RR'));
Insert into SHOP_DB.PROMOTIONS (PROMOTION_ID,NAME,DISCOUNT_PERCENT,START_DATE,END_DATE) values (2,'Black Friday',20,to_date('20-NOV-26','DD-MON-RR'),to_date('30-NOV-26','DD-MON-RR'));
Insert into SHOP_DB.PROMOTIONS (PROMOTION_ID,NAME,DISCOUNT_PERCENT,START_DATE,END_DATE) values (3,'New Year Promo',15,to_date('25-DEC-25','DD-MON-RR'),to_date('05-JAN-26','DD-MON-RR'));
REM INSERTING into SHOP_DB.REVIEWS
SET DEFINE OFF;
Insert into SHOP_DB.REVIEWS (REVIEW_ID,CLIENT_REF,PRODUCT_REF,RATING,REVIEW_TEXT,REVIEW_DATE) values (1,'SHOP_DB.CLIENT_T(1, ''Ivan Ivanov'', ''ivan@mail.com'', ''0888000001'', ''Sofia, Bulgaria'', ''Regular'')','SHOP_DB.COMPUTER_T(1, ''Gaming PC'', ''High performance gaming PC'', 2500, 5, ''oracle.sql.REF@cd380b29'', ''Intel i7'', ''32GB'', ''1TB SSD'', ''RTX 4070'')',5,'Amazing gaming PC!',to_date('11-JAN-26','DD-MON-RR'));
Insert into SHOP_DB.REVIEWS (REVIEW_ID,CLIENT_REF,PRODUCT_REF,RATING,REVIEW_TEXT,REVIEW_DATE) values (2,'SHOP_DB.CLIENT_T(2, ''Maria Petrova'', ''maria@mail.com'', ''0888000002'', ''Plovdiv, Bulgaria'', ''VIP'')','SHOP_DB.COMPUTER_T(2, ''Office Laptop'', ''Lightweight laptop for office work'', 1200, 10, ''oracle.sql.REF@cd380b29'', ''Intel i5'', ''16GB'', ''512GB SSD'', ''Integrated GPU'')',4,'Good office laptop',to_date('13-JAN-26','DD-MON-RR'));
Insert into SHOP_DB.REVIEWS (REVIEW_ID,CLIENT_REF,PRODUCT_REF,RATING,REVIEW_TEXT,REVIEW_DATE) values (3,'SHOP_DB.CLIENT_T(3, ''Georgi Georgiev'', ''georgi@mail.com'', ''0888000003'', ''Varna, Bulgaria'', ''Regular'')','SHOP_DB.ACCESSORY_T(3, ''Mechanical Keyboard'', ''RGB mechanical keyboard'', 120, 15, ''oracle.sql.REF@cd380b29'', ''Keyboard'', ''Universal'')',5,'Love this keyboard',to_date('16-JAN-26','DD-MON-RR'));
--------------------------------------------------------
--  DDL for Index PK_ORDER_PRODUCTS
--------------------------------------------------------

  CREATE UNIQUE INDEX "SHOP_DB"."PK_ORDER_PRODUCTS" ON "SHOP_DB"."ORDER_PRODUCTS" ("ORDER_PRODUCT_ID") 
  PCTFREE 10 INITRANS 2 MAXTRANS 255 
  STORAGE(INITIAL 65536 NEXT 1048576 MINEXTENTS 1 MAXEXTENTS 2147483645
  PCTINCREASE 0 FREELISTS 1 FREELIST GROUPS 1
  BUFFER_POOL DEFAULT FLASH_CACHE DEFAULT CELL_FLASH_CACHE DEFAULT)
  TABLESPACE "USERS" ;
--------------------------------------------------------
--  DDL for Index PK_PROMOTIONS
--------------------------------------------------------

  CREATE UNIQUE INDEX "SHOP_DB"."PK_PROMOTIONS" ON "SHOP_DB"."PROMOTIONS" ("PROMOTION_ID") 
  PCTFREE 10 INITRANS 2 MAXTRANS 255 
  STORAGE(INITIAL 65536 NEXT 1048576 MINEXTENTS 1 MAXEXTENTS 2147483645
  PCTINCREASE 0 FREELISTS 1 FREELIST GROUPS 1
  BUFFER_POOL DEFAULT FLASH_CACHE DEFAULT CELL_FLASH_CACHE DEFAULT)
  TABLESPACE "USERS" ;
--------------------------------------------------------
--  DDL for Index PK_CLIENTS
--------------------------------------------------------

  CREATE UNIQUE INDEX "SHOP_DB"."PK_CLIENTS" ON "SHOP_DB"."CLIENTS" ("CLIENT_ID") 
  PCTFREE 10 INITRANS 2 MAXTRANS 255 
  STORAGE(INITIAL 65536 NEXT 1048576 MINEXTENTS 1 MAXEXTENTS 2147483645
  PCTINCREASE 0 FREELISTS 1 FREELIST GROUPS 1
  BUFFER_POOL DEFAULT FLASH_CACHE DEFAULT CELL_FLASH_CACHE DEFAULT)
  TABLESPACE "USERS" ;
--------------------------------------------------------
--  DDL for Index PK_CATEGORIES
--------------------------------------------------------

  CREATE UNIQUE INDEX "SHOP_DB"."PK_CATEGORIES" ON "SHOP_DB"."CATEGORIES" ("CATEGORY_ID") 
  PCTFREE 10 INITRANS 2 MAXTRANS 255 
  STORAGE(INITIAL 65536 NEXT 1048576 MINEXTENTS 1 MAXEXTENTS 2147483645
  PCTINCREASE 0 FREELISTS 1 FREELIST GROUPS 1
  BUFFER_POOL DEFAULT FLASH_CACHE DEFAULT CELL_FLASH_CACHE DEFAULT)
  TABLESPACE "USERS" ;
--------------------------------------------------------
--  DDL for Index PK_PAYMENTS
--------------------------------------------------------

  CREATE UNIQUE INDEX "SHOP_DB"."PK_PAYMENTS" ON "SHOP_DB"."PAYMENTS" ("PAYMENT_ID") 
  PCTFREE 10 INITRANS 2 MAXTRANS 255 
  STORAGE(INITIAL 65536 NEXT 1048576 MINEXTENTS 1 MAXEXTENTS 2147483645
  PCTINCREASE 0 FREELISTS 1 FREELIST GROUPS 1
  BUFFER_POOL DEFAULT FLASH_CACHE DEFAULT CELL_FLASH_CACHE DEFAULT)
  TABLESPACE "USERS" ;
--------------------------------------------------------
--  DDL for Index PK_PRODUCT_PROMOTIONS
--------------------------------------------------------

  CREATE UNIQUE INDEX "SHOP_DB"."PK_PRODUCT_PROMOTIONS" ON "SHOP_DB"."PRODUCT_PROMOTIONS" ("PRODUCT_PROMOTION_ID") 
  PCTFREE 10 INITRANS 2 MAXTRANS 255 
  STORAGE(INITIAL 65536 NEXT 1048576 MINEXTENTS 1 MAXEXTENTS 2147483645
  PCTINCREASE 0 FREELISTS 1 FREELIST GROUPS 1
  BUFFER_POOL DEFAULT FLASH_CACHE DEFAULT CELL_FLASH_CACHE DEFAULT)
  TABLESPACE "USERS" ;
--------------------------------------------------------
--  DDL for Index PK_REVIEWS
--------------------------------------------------------

  CREATE UNIQUE INDEX "SHOP_DB"."PK_REVIEWS" ON "SHOP_DB"."REVIEWS" ("REVIEW_ID") 
  PCTFREE 10 INITRANS 2 MAXTRANS 255 
  STORAGE(INITIAL 65536 NEXT 1048576 MINEXTENTS 1 MAXEXTENTS 2147483645
  PCTINCREASE 0 FREELISTS 1 FREELIST GROUPS 1
  BUFFER_POOL DEFAULT FLASH_CACHE DEFAULT CELL_FLASH_CACHE DEFAULT)
  TABLESPACE "USERS" ;
--------------------------------------------------------
--  DDL for Index PK_EMPLOYEES
--------------------------------------------------------

  CREATE UNIQUE INDEX "SHOP_DB"."PK_EMPLOYEES" ON "SHOP_DB"."EMPLOYEES" ("EMPLOYEE_ID") 
  PCTFREE 10 INITRANS 2 MAXTRANS 255 
  STORAGE(INITIAL 65536 NEXT 1048576 MINEXTENTS 1 MAXEXTENTS 2147483645
  PCTINCREASE 0 FREELISTS 1 FREELIST GROUPS 1
  BUFFER_POOL DEFAULT FLASH_CACHE DEFAULT CELL_FLASH_CACHE DEFAULT)
  TABLESPACE "USERS" ;
--------------------------------------------------------
--  DDL for Index PK_DELIVERIES
--------------------------------------------------------

  CREATE UNIQUE INDEX "SHOP_DB"."PK_DELIVERIES" ON "SHOP_DB"."DELIVERIES" ("DELIVERY_ID") 
  PCTFREE 10 INITRANS 2 MAXTRANS 255 
  STORAGE(INITIAL 65536 NEXT 1048576 MINEXTENTS 1 MAXEXTENTS 2147483645
  PCTINCREASE 0 FREELISTS 1 FREELIST GROUPS 1
  BUFFER_POOL DEFAULT FLASH_CACHE DEFAULT CELL_FLASH_CACHE DEFAULT)
  TABLESPACE "USERS" ;
--------------------------------------------------------
--  DDL for Index PK_ORDERS
--------------------------------------------------------

  CREATE UNIQUE INDEX "SHOP_DB"."PK_ORDERS" ON "SHOP_DB"."ORDERS" ("ORDER_ID") 
  PCTFREE 10 INITRANS 2 MAXTRANS 255 
  STORAGE(INITIAL 65536 NEXT 1048576 MINEXTENTS 1 MAXEXTENTS 2147483645
  PCTINCREASE 0 FREELISTS 1 FREELIST GROUPS 1
  BUFFER_POOL DEFAULT FLASH_CACHE DEFAULT CELL_FLASH_CACHE DEFAULT)
  TABLESPACE "USERS" ;
--------------------------------------------------------
--  DDL for Index PK_PRODUCTS
--------------------------------------------------------

  CREATE UNIQUE INDEX "SHOP_DB"."PK_PRODUCTS" ON "SHOP_DB"."PRODUCTS" ("PRODUCT_ID") 
  PCTFREE 10 INITRANS 2 MAXTRANS 255 
  STORAGE(INITIAL 65536 NEXT 1048576 MINEXTENTS 1 MAXEXTENTS 2147483645
  PCTINCREASE 0 FREELISTS 1 FREELIST GROUPS 1
  BUFFER_POOL DEFAULT FLASH_CACHE DEFAULT CELL_FLASH_CACHE DEFAULT)
  TABLESPACE "USERS" ;
--------------------------------------------------------
--  Constraints for Table ORDERS
--------------------------------------------------------

  ALTER TABLE "SHOP_DB"."ORDERS" ADD CONSTRAINT "PK_ORDERS" PRIMARY KEY ("ORDER_ID")
  USING INDEX PCTFREE 10 INITRANS 2 MAXTRANS 255 
  STORAGE(INITIAL 65536 NEXT 1048576 MINEXTENTS 1 MAXEXTENTS 2147483645
  PCTINCREASE 0 FREELISTS 1 FREELIST GROUPS 1
  BUFFER_POOL DEFAULT FLASH_CACHE DEFAULT CELL_FLASH_CACHE DEFAULT)
  TABLESPACE "USERS"  ENABLE;
--------------------------------------------------------
--  Constraints for Table CLIENTS
--------------------------------------------------------

  ALTER TABLE "SHOP_DB"."CLIENTS" ADD CONSTRAINT "PK_CLIENTS" PRIMARY KEY ("CLIENT_ID")
  USING INDEX PCTFREE 10 INITRANS 2 MAXTRANS 255 
  STORAGE(INITIAL 65536 NEXT 1048576 MINEXTENTS 1 MAXEXTENTS 2147483645
  PCTINCREASE 0 FREELISTS 1 FREELIST GROUPS 1
  BUFFER_POOL DEFAULT FLASH_CACHE DEFAULT CELL_FLASH_CACHE DEFAULT)
  TABLESPACE "USERS"  ENABLE;
--------------------------------------------------------
--  Constraints for Table CATEGORIES
--------------------------------------------------------

  ALTER TABLE "SHOP_DB"."CATEGORIES" ADD CONSTRAINT "PK_CATEGORIES" PRIMARY KEY ("CATEGORY_ID")
  USING INDEX PCTFREE 10 INITRANS 2 MAXTRANS 255 
  STORAGE(INITIAL 65536 NEXT 1048576 MINEXTENTS 1 MAXEXTENTS 2147483645
  PCTINCREASE 0 FREELISTS 1 FREELIST GROUPS 1
  BUFFER_POOL DEFAULT FLASH_CACHE DEFAULT CELL_FLASH_CACHE DEFAULT)
  TABLESPACE "USERS"  ENABLE;
--------------------------------------------------------
--  Constraints for Table ORDER_PRODUCTS
--------------------------------------------------------

  ALTER TABLE "SHOP_DB"."ORDER_PRODUCTS" ADD CONSTRAINT "PK_ORDER_PRODUCTS" PRIMARY KEY ("ORDER_PRODUCT_ID")
  USING INDEX PCTFREE 10 INITRANS 2 MAXTRANS 255 
  STORAGE(INITIAL 65536 NEXT 1048576 MINEXTENTS 1 MAXEXTENTS 2147483645
  PCTINCREASE 0 FREELISTS 1 FREELIST GROUPS 1
  BUFFER_POOL DEFAULT FLASH_CACHE DEFAULT CELL_FLASH_CACHE DEFAULT)
  TABLESPACE "USERS"  ENABLE;
--------------------------------------------------------
--  Constraints for Table PRODUCT_PROMOTIONS
--------------------------------------------------------

  ALTER TABLE "SHOP_DB"."PRODUCT_PROMOTIONS" ADD CONSTRAINT "PK_PRODUCT_PROMOTIONS" PRIMARY KEY ("PRODUCT_PROMOTION_ID")
  USING INDEX PCTFREE 10 INITRANS 2 MAXTRANS 255 
  STORAGE(INITIAL 65536 NEXT 1048576 MINEXTENTS 1 MAXEXTENTS 2147483645
  PCTINCREASE 0 FREELISTS 1 FREELIST GROUPS 1
  BUFFER_POOL DEFAULT FLASH_CACHE DEFAULT CELL_FLASH_CACHE DEFAULT)
  TABLESPACE "USERS"  ENABLE;
--------------------------------------------------------
--  Constraints for Table DELIVERIES
--------------------------------------------------------

  ALTER TABLE "SHOP_DB"."DELIVERIES" ADD CONSTRAINT "PK_DELIVERIES" PRIMARY KEY ("DELIVERY_ID")
  USING INDEX PCTFREE 10 INITRANS 2 MAXTRANS 255 
  STORAGE(INITIAL 65536 NEXT 1048576 MINEXTENTS 1 MAXEXTENTS 2147483645
  PCTINCREASE 0 FREELISTS 1 FREELIST GROUPS 1
  BUFFER_POOL DEFAULT FLASH_CACHE DEFAULT CELL_FLASH_CACHE DEFAULT)
  TABLESPACE "USERS"  ENABLE;
--------------------------------------------------------
--  Constraints for Table PAYMENTS
--------------------------------------------------------

  ALTER TABLE "SHOP_DB"."PAYMENTS" ADD CONSTRAINT "PK_PAYMENTS" PRIMARY KEY ("PAYMENT_ID")
  USING INDEX PCTFREE 10 INITRANS 2 MAXTRANS 255 
  STORAGE(INITIAL 65536 NEXT 1048576 MINEXTENTS 1 MAXEXTENTS 2147483645
  PCTINCREASE 0 FREELISTS 1 FREELIST GROUPS 1
  BUFFER_POOL DEFAULT FLASH_CACHE DEFAULT CELL_FLASH_CACHE DEFAULT)
  TABLESPACE "USERS"  ENABLE;
--------------------------------------------------------
--  Constraints for Table EMPLOYEES
--------------------------------------------------------

  ALTER TABLE "SHOP_DB"."EMPLOYEES" ADD CONSTRAINT "PK_EMPLOYEES" PRIMARY KEY ("EMPLOYEE_ID")
  USING INDEX PCTFREE 10 INITRANS 2 MAXTRANS 255 
  STORAGE(INITIAL 65536 NEXT 1048576 MINEXTENTS 1 MAXEXTENTS 2147483645
  PCTINCREASE 0 FREELISTS 1 FREELIST GROUPS 1
  BUFFER_POOL DEFAULT FLASH_CACHE DEFAULT CELL_FLASH_CACHE DEFAULT)
  TABLESPACE "USERS"  ENABLE;
--------------------------------------------------------
--  Constraints for Table REVIEWS
--------------------------------------------------------

  ALTER TABLE "SHOP_DB"."REVIEWS" ADD CONSTRAINT "PK_REVIEWS" PRIMARY KEY ("REVIEW_ID")
  USING INDEX PCTFREE 10 INITRANS 2 MAXTRANS 255 
  STORAGE(INITIAL 65536 NEXT 1048576 MINEXTENTS 1 MAXEXTENTS 2147483645
  PCTINCREASE 0 FREELISTS 1 FREELIST GROUPS 1
  BUFFER_POOL DEFAULT FLASH_CACHE DEFAULT CELL_FLASH_CACHE DEFAULT)
  TABLESPACE "USERS"  ENABLE;
--------------------------------------------------------
--  Constraints for Table PRODUCTS
--------------------------------------------------------

  ALTER TABLE "SHOP_DB"."PRODUCTS" ADD CONSTRAINT "PK_PRODUCTS" PRIMARY KEY ("PRODUCT_ID")
  USING INDEX PCTFREE 10 INITRANS 2 MAXTRANS 255 
  STORAGE(INITIAL 65536 NEXT 1048576 MINEXTENTS 1 MAXEXTENTS 2147483645
  PCTINCREASE 0 FREELISTS 1 FREELIST GROUPS 1
  BUFFER_POOL DEFAULT FLASH_CACHE DEFAULT CELL_FLASH_CACHE DEFAULT)
  TABLESPACE "USERS"  ENABLE;
--------------------------------------------------------
--  Constraints for Table PROMOTIONS
--------------------------------------------------------

  ALTER TABLE "SHOP_DB"."PROMOTIONS" ADD CONSTRAINT "PK_PROMOTIONS" PRIMARY KEY ("PROMOTION_ID")
  USING INDEX PCTFREE 10 INITRANS 2 MAXTRANS 255 
  STORAGE(INITIAL 65536 NEXT 1048576 MINEXTENTS 1 MAXEXTENTS 2147483645
  PCTINCREASE 0 FREELISTS 1 FREELIST GROUPS 1
  BUFFER_POOL DEFAULT FLASH_CACHE DEFAULT CELL_FLASH_CACHE DEFAULT)
  TABLESPACE "USERS"  ENABLE;
